,Rank,Player Name,Team,Points,Attack Points,Block Points,Serve Points,Year
0,1,Nimir,NED,264,218,10,36,2021
1,2,Čebulj,SLO,234,200,19,15,2021
2,3,Mikhaylov,RUS,201,167,17,17,2021
3,4,Ivović,SRB,190,158,12,20,2021
4,5,T. Štern,SLO,182,154,15,13,2021
5,6,Michieletto,ITA,181,152,19,10,2021
6,7,Kazemi,IRI,177,152,10,15,2021
7,8,Ishikawa,JPN,169,149,11,9,2021
8,8,Wallace,BRA,169,150,10,9,2021
9,9,Leal,BRA,162,139,11,12,2021
10,10,Salehi,IRI,160,138,14,8,2021
11,10,Urnaut,SLO,160,150,7,3,2021
12,10,Lucarelli,BRA,160,131,12,17,2021
13,11,Luburić,SRB,159,133,7,19,2021
14,12,Weber,GER,154,128,14,12,2021
15,12,Kliuka,RUS,154,132,12,10,2021
16,13,Kovačević,SRB,149,126,16,7,2021
17,14,Krsmanović,SRB,148,106,32,10,2021
18,14,Defalco,USA,148,126,18,4,2021
19,15,Pereyra L.,ARG,147,125,12,10,2021
20,16,Patry,FRA,146,127,8,11,2021
21,17,Podraščanin,SRB,140,87,44,9,2021
22,17,Pajenk,SLO,140,102,20,18,2021
23,18,Tuinstra,NED,135,118,6,11,2021
24,19,Ngapeth,FRA,134,111,5,18,2021
25,20,Recine,ITA,133,117,13,3,2021
26,21,Smith,AUS,132,115,13,4,2021
27,22,Vernon,CAN,129,103,16,10,2021
28,23,Atanasijević,SRB,128,114,6,8,2021
29,23,Perrin,CAN,128,109,12,7,2021
30,24,Boyer,FRA,127,113,10,4,2021
31,24,Leon,POL,127,86,9,32,2021
32,25,Asparuhov,BUL,125,106,8,11,2021
33,25,Nelli,ITA,125,108,5,12,2021
34,26,Hoag,CAN,121,95,9,17,2021
35,27,Douglas,BRA,119,101,8,10,2021
36,28,Ran,JPN,118,106,5,7,2021
37,29,Krick,GER,115,83,28,4,2021
38,30,Clevenot,FRA,114,92,15,7,2021
39,30,Volkov,RUS,114,93,10,11,2021
40,31,Kurek,POL,112,97,13,2,2021
41,31,Conte,ARG,112,92,18,2,2021
42,32,Chinenyeze,FRA,111,84,23,4,2021
43,32,Shimizu,JPN,111,103,5,3,2021
44,32,Loser Bruno,ARG,111,86,16,9,2021
45,33,Tillie,FRA,110,96,9,5,2021
46,34,Ter Horst,NED,107,99,5,3,2021
47,35,Schott,GER,106,85,3,18,2021
48,35,Bieniek,POL,106,67,22,17,2021
49,35,Pinali,ITA,106,92,5,9,2021
50,36,Seyed,IRI,103,66,30,7,2021
51,37,Graham,AUS,101,96,2,3,2021
52,38,Volvich,RUS,100,67,28,5,2021
53,39,Milad,IRI,99,82,11,6,2021
54,39,Kozamernik,SLO,99,65,27,7,2021
55,40,Parapunov,BUL,97,82,12,3,2021
56,40,Sclater,CAN,97,85,6,6,2021
57,40,Isac,BRA,97,66,21,10,2021
58,41,Alan,BRA,96,85,8,3,2021
59,42,Mote,AUS,94,74,18,2,2021
60,43,Muagututia,USA,90,78,4,8,2021
61,44,Reichert,GER,89,78,7,4,2021
62,44,Bottolo,ITA,89,68,10,11,2021
63,44,Anderson,USA,89,77,7,5,2021
64,45,Ensing,USA,88,70,14,4,2021
65,45,Kubiak,POL,88,78,7,3,2021
66,46,Cortesia,ITA,86,49,28,9,2021
67,47,Kurkaev,RUS,84,59,21,4,2021
68,48,Le Goff,FRA,82,51,28,3,2021
69,49,Lima B.,ARG,81,76,2,3,2021
70,50,Sokolov,BUL,80,68,5,7,2021
71,51,Vlasov,RUS,79,50,27,2,2021
72,52,Esfandiar,IRI,77,60,5,12,2021
73,52,Szwarc,CAN,77,47,20,10,2021
74,52,Andringa,NED,77,58,10,9,2021
75,53,Takanashi,JPN,76,73,2,1,2021
76,54,O'Dea,AUS,75,59,14,2,2021
77,54,Možič,SLO,75,66,7,2,2021
78,54,Sole,ITA,75,59,15,1,2021
79,54,Saadat,IRI,75,68,2,5,2021
80,55,Hirsch,GER,74,63,8,3,2021
81,55,Krage,GER,74,50,20,4,2021
82,55,Otsuka,JPN,74,66,6,2,2021
83,56,Semeniuk,POL,73,61,11,1,2021
84,57,Ramos,ARG,72,50,18,4,2021
85,58,Bultor,FRA,71,52,11,8,2021
86,58,Fromm,GER,71,66,2,3,2021
87,59,Mosca,ITA,69,47,21,1,2021
88,60,Parkinson,NED,67,49,16,2,2021
89,60,Podlesnykh,RUS,67,54,6,7,2021
90,61,Onodera,JPN,66,49,13,4,2021
91,62,Atanasov,BUL,64,45,6,13,2021
92,62,Patch,USA,64,55,7,2,2021
93,62,Galassi,ITA,64,49,11,4,2021
94,62,Stahl,USA,64,39,15,10,2021
95,63,Karyagin,BUL,63,57,2,4,2021
96,63,M.Gholami,IRI,63,41,17,5,2021
97,63,Kaczmarek,POL,63,48,13,2,2021
98,64,Loeppky,CAN,62,58,2,2,2021
99,65,Poletaev,RUS,61,56,2,3,2021
100,65,Holt,USA,61,40,15,6,2021
101,65,Kochanowski,POL,61,45,12,4,2021
102,66,Yamauchi,JPN,60,45,12,3,2021
103,66,van Tilburg,NED,60,51,2,7,2021
104,66,Smith,USA,60,42,9,9,2021
105,67,Kolev,BUL,59,47,10,2,2021
106,67,Flavio,BRA,59,45,10,4,2021
107,67,Van Berkel,CAN,59,38,20,1,2021
108,68,M. Souza,BRA,58,36,19,3,2021
109,69,Plak,NED,57,46,9,2,2021
110,70,Perić,SRB,56,44,8,4,2021
111,70,Azeez,AUS,56,51,3,2,2021
112,70,Nowakowski,POL,56,32,21,3,2021
113,70,T. Sander,USA,56,43,8,5,2021
114,71,Rossard T,FRA,55,47,0,8,2021
115,72,Kaliberda,GER,54,47,5,2,2021
116,72,Jaeschke,USA,54,43,6,5,2021
117,72,Otake,JPN,54,49,3,2,2021
118,73,Muzaj,POL,53,37,7,9,2021
119,73,Martinez Franchi,ARG,53,51,2,0,2021
120,74,Louati,FRA,51,43,4,4,2021
121,75,Brizard,FRA,49,26,17,6,2021
122,75,Bogdan,RUS,49,36,7,6,2021
123,75,Maar,CAN,49,40,7,2,2021
124,75,Cavuto,ITA,49,45,2,2,2021
125,75,Poglajen,ARG,49,45,3,1,2021
126,76,Kartev,BUL,48,37,10,1,2021
127,77,Dosanjh,AUS,46,25,13,8,2021
128,78,Fornal,POL,45,35,2,8,2021
129,78,Mendez,ARG,45,38,7,0,2021
130,78,Śliwka,POL,45,41,2,2,2021
131,79,Petrov,BUL,42,37,5,0,2021
132,79,Lee,JPN,42,30,8,4,2021
133,79,Mojarad,IRI,42,25,16,1,2021
134,79,Jansen Vandoorn,CAN,42,32,10,0,2021
135,80,Z. Štern,SLO,41,37,2,2,2021
136,80,Nishida,JPN,41,36,5,0,2021
137,81,Kłos,POL,40,26,13,1,2021
138,81,Muserskiy,RUS,40,32,5,3,2021
139,82,Chavdarov,BUL,39,28,9,2,2021
140,82,Senica,AUS,39,30,5,4,2021
141,82,Mauricio,BRA,39,33,3,3,2021
142,83,S.Ivanov,BUL,38,31,4,3,2021
143,84,Vigrass,CAN,37,26,8,3,2021
144,84,Faure,FRA,37,29,4,4,2021
145,85,Garrett,AUS,36,33,2,1,2021
146,85,A.Ghafour,IRI,36,33,3,0,2021
147,85,Ropret,SLO,36,12,11,13,2021
148,85,Bednorz,POL,36,21,7,8,2021
149,86,Christenson,USA,34,16,5,13,2021
150,86,Jendryk,USA,34,23,10,1,2021
151,87,Fukuzawa,JPN,33,33,0,0,2021
152,88,Šket,SLO,32,27,2,3,2021
153,89,Kentaro,JPN,31,25,6,0,2021
154,90,Kobzar,RUS,30,10,7,13,2021
155,90,Kujundžić,SRB,30,26,2,2,2021
156,91,Seganov,BUL,29,11,10,8,2021
157,91,Böhme,GER,29,25,4,0,2021
158,91,Wiltenburg,NED,29,16,6,7,2021
159,92,Weir,AUS,26,18,4,4,2021
160,92,Morteza,IRI,26,21,2,3,2021
161,92,Vitelli,ITA,26,15,8,3,2021
162,93,Taylor,AUS,25,22,3,0,2021
163,93,Van Der Ent,NED,25,18,6,1,2021
164,94,Lucas,BRA,24,19,3,2,2021
165,95,Grozdanov,BUL,23,11,7,5,2021
166,95,Sossenheimer,GER,23,17,1,5,2021
167,95,Zimmermann,GER,23,8,8,7,2021
168,95,Huber,POL,23,14,5,4,2021
169,96,Gasparini,SLO,22,19,2,1,2021
170,96,Drzyzga,POL,22,2,8,12,2021
171,97,Averill,USA,21,17,4,0,2021
172,97,Bruno,BRA,21,9,7,5,2021
173,97,Palacios,ARG,21,16,2,3,2021
174,98,Pankov,RUS,20,5,9,6,2021
175,99,Reza,IRI,18,8,9,1,2021
176,99,B. Sander,USA,18,14,2,2,2021
177,99,Sbertoli,ITA,18,7,6,5,2021
178,99,De Cecco,ARG,18,8,6,4,2021
179,100,van Zeist,NED,17,12,4,1,2021
180,100,Spirito,ITA,17,5,10,2,2021
181,101,Blankenau,CAN,16,11,3,2,2021
182,102,Baxpöhler,GER,15,11,4,0,2021
183,102,Jovović,SRB,15,5,8,2,2021
184,102,Palonsky,ARG,15,14,1,0,2021
185,103,Simic,SRB,14,11,3,0,2021
186,103,K. Shoji,USA,14,7,5,2,2021
187,104,Nicolas,ARG,12,9,3,0,2021
188,104,Lyutskanov,BUL,12,11,1,0,2021
189,105,Gueye,FRA,11,8,2,1,2021
190,105,van Schie,NED,11,9,2,0,2021
191,106,Semyshev,RUS,10,9,1,0,2021
192,106,S. Marouf,IRI,10,8,0,2,2021
193,106,Keemink,NED,10,3,5,2,2021
194,107,Lyneel,FRA,9,6,1,2,2021
195,107,Marshall,CAN,9,3,6,0,2021
196,108,Vadi,IRI,8,3,3,2,2021
197,108,Fernando,BRA,8,3,2,3,2021
198,108,Uriarte,ARG,8,3,5,0,2021
199,108,Crer,ARG,8,6,2,0,2021
200,108,V.Stankov,BUL,8,3,3,2,2021
201,108,Javad,IRI,8,1,4,3,2021
202,109,Sekita,JPN,7,1,2,4,2021
203,109,De Weijer,NED,7,2,4,1,2021
204,109,Vaccari,BRA,7,6,1,0,2021
205,109,Röhrs,GER,7,5,0,2,2021
206,110,Aubrey,AUS,6,6,0,0,2021
207,110,Łomacz,POL,6,2,3,1,2021
208,110,Matheus,BRA,6,5,1,0,2021
209,111,Toniutti,FRA,5,1,3,1,2021
210,111,Fujii,JPN,5,2,2,1,2021
211,111,Kovač,SRB,5,4,1,0,2021
212,111,Štalekar,SLO,5,2,3,0,2021
213,111,Videčnik,SLO,5,4,0,1,2021
214,111,Gardini,ITA,5,5,0,0,2021
215,111,TJ,CAN,5,1,3,1,2021
216,112,A. Shafiei,IRI,4,1,3,0,2021
217,112,Vinčić,SLO,4,0,2,2,2021
218,112,Walsh,CAN,4,1,3,0,2021
219,112,Tuaniga,USA,4,4,0,0,2021
220,112,Todorović,SRB,4,2,1,1,2021
221,112,Sanchez Pages,ARG,4,2,0,2,2021
222,112,João Rafael,BRA,4,3,0,1,2021
223,113,Lisinac,SRB,3,3,0,0,2021
224,113,Jorna,NED,3,3,0,0,2021
225,114,Burggräf,GER,2,0,0,2,2021
226,114,Butler,AUS,2,1,1,0,2021
227,114,P. Fayazi,IRI,2,2,0,0,2021
228,114,Van Solkema,NED,2,1,1,0,2021
229,114,Hanes,USA,2,2,0,0,2021
230,114,Meyer,FRA,2,1,1,0,2021
231,115,Stankov,BUL,1,0,0,1,2021
232,115,Demyanenko,CAN,1,1,0,0,2021
233,115,Pernuš,SLO,1,0,1,0,2021
234,115,Douglas-Powell,AUS,1,1,0,0,2021
235,115,Komenda,POL,1,1,0,0,2021
236,116,Diez,FRA,0,0,0,0,2021
237,116,V. Ivanov,BUL,0,0,0,0,2021
238,116,M. Ivanov,BUL,0,0,0,0,2021
239,116,Zenger,GER,0,0,0,0,2021
240,116,Perry,AUS,0,0,0,0,2021
241,116,Flowerday,AUS,0,0,0,0,2021
242,116,Greber,AUS,0,0,0,0,2021
243,116,Yamamoto,JPN,0,0,0,0,2021
244,116,Ogawa,JPN,0,0,0,0,2021
245,116,Hazrat,IRI,0,0,0,0,2021
246,116,Arman,IRI,0,0,0,0,2021
247,116,Kapur,SRB,0,0,0,0,2021
248,116,Pekovic,SRB,0,0,0,0,2021
249,116,Batak,SRB,0,0,0,0,2021
250,116,Klobucar,SLO,0,0,0,0,2021
251,116,Kovačič,SLO,0,0,0,0,2021
252,116,Dronkers,NED,0,0,0,0,2021
253,116,Ottevanger,NED,0,0,0,0,2021
254,116,Baranov,RUS,0,0,0,0,2021
255,116,Golubev,RUS,0,0,0,0,2021
256,116,Watten,USA,0,0,0,0,2021
257,116,E. Shoji,USA,0,0,0,0,2021
258,116,Pereira,CAN,0,0,0,0,2021
259,116,Bann,CAN,0,0,0,0,2021
260,116,Wojtaszek,POL,0,0,0,0,2021
261,116,Zatorski,POL,0,0,0,0,2021
262,116,Balaso,ITA,0,0,0,0,2021
263,116,Scanferla,ITA,0,0,0,0,2021
264,116,Federici,ITA,0,0,0,0,2021
265,116,Maique,BRA,0,0,0,0,2021
266,116,Thales,BRA,0,0,0,0,2021
267,116,Roque,BRA,0,0,0,0,2021
268,116,Macdonald,AUS,0,0,0,0,2021
269,116,Janusz,POL,0,0,0,0,2021
270,116,Vucicevic,SRB,0,0,0,0,2021
271,116,Oya,JPN,0,0,0,0,2021
272,116,Massimino,ARG,0,0,0,0,2021
273,116,Grebennikov,FRA,0,0,0,0,2021
274,116,Maase,GER,0,0,0,0,2021
275,116,Danani,ARG,0,0,0,0,2021
276,116,Iakovlev,RUS,0,0,0,0,2021
0,1,Nimir,NED,247,207,10,30,2022
1,2,Amin,IRI,215,190,12,13,2022
2,3,Nishida,JPN,201,162,10,29,2022
3,4,Russell,USA,197,162,14,21,2022
4,5,Defalco,USA,180,157,9,14,2022
5,6,A. Nikolov,BUL,172,150,13,9,2022
6,7,Ishikawa,JPN,164,122,13,29,2022
7,8,Maar,CAN,163,139,9,15,2022
8,9,Ensing,USA,161,143,8,10,2022
9,10,Lima B.,ARG,158,136,12,10,2022
10,11,Zhang J.Y.,CHN,154,140,5,9,2022
11,12,Pope,AUS,148,134,11,3,2022
12,12,Palacios,ARG,148,130,9,9,2022
13,12,Lavia,ITA,148,125,14,9,2022
14,13,Milad,IRI,146,114,14,18,2022
15,14,Romanò,ITA,144,120,12,12,2022
16,15,Možič,SLO,141,123,15,3,2022
17,16,Atanasov,BUL,139,117,7,15,2022
18,17,Ngapeth,FRA,138,116,8,14,2022
19,18,Patry,FRA,136,115,10,11,2022
20,19,Kurek,POL,134,111,10,13,2022
21,20,Esfandiar,IRI,131,101,14,16,2022
22,21,Perić,SRB,130,109,11,10,2022
23,21,Fromm,GER,130,107,15,8,2022
24,22,Loser Bruno,ARG,129,95,26,8,2022
25,23,Weber,GER,124,106,10,8,2022
26,24,Tuinstra,NED,122,99,8,15,2022
27,25,Michieletto,ITA,120,100,10,10,2022
28,26,Kujundžić,SRB,119,98,6,15,2022
29,27,Alan,BRA,113,98,9,6,2022
30,28,Leal,BRA,112,100,6,6,2022
31,29,Smith,USA,108,67,32,9,2022
32,29,Flavio,BRA,108,78,29,1,2022
33,30,Jendryk,USA,107,79,21,7,2022
34,31,Boyer,FRA,104,89,9,6,2022
35,31,Semeniuk,POL,104,86,9,9,2022
36,32,Sclater,CAN,102,83,10,9,2022
37,32,Chinenyeze,FRA,102,75,20,7,2022
38,33,T. Štern,SLO,96,78,7,11,2022
39,33,Atanasijević,SRB,96,89,1,6,2022
40,34,Fornal,POL,95,77,7,11,2022
41,35,Maase,GER,94,70,18,6,2022
42,36,Reichert,GER,90,77,5,8,2022
43,36,Galassi,ITA,90,60,21,9,2022
44,37,Parapunov,BUL,88,72,12,4,2022
45,37,Lucarelli,BRA,88,75,6,7,2022
46,38,Zhang G.H.,CHN,86,79,6,1,2022
47,38,Clevenot,FRA,86,72,4,10,2022
48,39,Plak,NED,85,57,19,9,2022
49,39,Louati,FRA,85,69,8,8,2022
50,40,Kochanowski,POL,84,54,19,11,2022
51,41,Bieniek,POL,83,53,9,21,2022
52,42,Gotsev,BUL,82,44,35,3,2022
53,43,Darlan,BRA,81,75,4,2,2022
54,44,Ran,JPN,78,69,1,8,2022
55,44,Ter Horst,NED,78,66,7,5,2022
56,44,Palonsky,ARG,78,76,1,1,2022
57,45,Kolev,BUL,77,58,16,3,2022
58,45,Krick,GER,77,55,17,5,2022
59,46,Yamauchi,JPN,76,62,10,4,2022
60,47,Graham,AUS,74,56,13,5,2022
61,47,Vicentin,ARG,74,63,6,5,2022
62,48,Loeppky,CAN,73,60,4,9,2022
63,49,Kozamernik,SLO,71,45,22,4,2022
64,50,Toukhteh,IRI,70,52,8,10,2022
65,50,Pajenk,SLO,70,54,12,4,2022
66,51,Heptinstall,AUS,69,58,4,7,2022
67,52,Li Y.Z.,CHN,68,43,21,4,2022
68,52,Otsuka,JPN,68,65,1,2,2022
69,52,Śliwka,POL,68,59,4,5,2022
70,53,Peng S.K.,CHN,67,45,16,6,2022
71,53,Isac,BRA,67,47,10,10,2022
72,54,Yu Y.T.,CHN,66,57,6,3,2022
73,55,Mašulović N.,SRB,65,52,11,2,2022
74,56,Kłos,POL,64,39,21,4,2022
75,56,Giannelli,ITA,64,29,23,12,2022
76,57,Howe,CAN,60,45,13,2,2022
77,57,Weir,AUS,60,46,10,4,2022
78,58,Brand,GER,59,54,4,1,2022
79,58,Bottolo,ITA,59,45,5,9,2022
80,59,Jelveh,IRI,57,32,20,5,2022
81,59,Onodera,JPN,57,43,9,5,2022
82,60,Urnaut,SLO,55,46,3,6,2022
83,60,Le Goff,FRA,55,34,18,3,2022
84,61,Lucas,BRA,54,38,11,5,2022
85,61,Butryn,POL,54,44,4,6,2022
86,62,Z. Štern,SLO,53,50,3,0,2022
87,62,Anzani,ITA,53,32,20,1,2022
88,63,Morteza,IRI,50,40,3,7,2022
89,63,Krage,GER,50,36,10,4,2022
90,64,Petkovic,SRB,49,42,2,5,2022
91,64,Rodriguinho,BRA,49,35,6,8,2022
92,64,Lisinac,SRB,49,40,8,1,2022
93,65,Asparuhov,BUL,48,37,6,5,2022
94,66,Jorna,NED,47,39,4,4,2022
95,66,Jouffroy,FRA,47,25,9,13,2022
96,67,Meljanac,SRB,45,42,1,2,2022
97,67,Čebulj,SLO,45,39,3,3,2022
98,68,Miyaura,JPN,43,39,2,2,2022
99,68,Wiltenburg,NED,43,20,19,4,2022
100,68,Kwolek,POL,43,37,2,4,2022
101,69,O'Dea,AUS,42,32,8,2,2022
102,69,Kentaro,JPN,42,31,11,0,2022
103,70,Adriano,BRA,41,34,2,5,2022
104,70,Gallego,ARG,41,26,15,0,2022
105,70,Brizard,FRA,41,17,9,15,2022
106,71,Karyagin,BUL,40,37,1,2,2022
107,71,Eshenko,CAN,40,26,12,2,2022
108,71,Hofer,CAN,40,30,1,9,2022
109,71,Recine,ITA,40,36,3,1,2022
110,72,Kaczmarek,POL,39,33,3,3,2022
111,73,Takanashi,JPN,38,35,3,0,2022
112,74,Hoag,CAN,37,33,2,2,2022
113,74,Van Garderen,NED,37,31,5,1,2022
114,74,Zerba,ARG,37,26,8,3,2022
115,75,Hanes,USA,36,33,2,1,2022
116,76,Wang J.Y.,CHN,35,34,1,0,2022
117,77,Zaytsev,ITA,34,31,2,1,2022
118,77,Russo,ITA,34,22,10,2,2022
119,78,Jaeschke,USA,33,25,5,3,2022
120,79,Nicolas,ARG,32,30,0,2,2022
121,80,Senica,AUS,31,30,1,0,2022
122,80,Armoa Morel,ARG,31,22,7,2,2022
123,81,Van Berkel,CAN,30,25,5,0,2022
124,81,Dosanjh,AUS,30,20,6,4,2022
125,81,Murch,AUS,30,26,4,0,2022
126,82,Koncilja,SLO,29,25,4,0,2022
127,82,M. Elser,CAN,29,26,2,1,2022
128,82,Pinali,ITA,29,26,1,2,2022
129,83,Nedeljković,SRB,28,18,7,3,2022
130,83,Staples,AUS,28,22,4,2,2022
131,83,Podraščanin,SRB,28,18,8,2,2022
132,84,Chavdarov,BUL,27,21,3,3,2022
133,84,Hazelden,AUS,27,24,2,1,2022
134,84,Ramos,ARG,27,20,6,1,2022
135,84,Muagututia,USA,27,27,0,0,2022
136,85,Katic,SRB,26,23,2,1,2022
137,85,Poręba,POL,26,16,4,6,2022
138,86,Gasparini,SLO,25,20,2,3,2022
139,86,Grozdanov,BUL,25,15,8,2,2022
140,86,Murayama,JPN,25,19,3,3,2022
141,86,Christenson,USA,25,9,11,5,2022
142,86,Bednorz,POL,25,23,1,1,2022
143,87,Muzaj,POL,23,21,2,0,2022
144,87,Stahl,USA,23,15,5,3,2022
145,87,Aubrey,AUS,23,21,1,1,2022
146,88,K. Russell,USA,22,20,0,2,2022
147,89,Yu Y.C.,CHN,20,8,9,3,2022
148,89,Jiang Z.Y.,CHN,20,12,8,0,2022
149,89,Keemink,NED,20,13,5,2,2022
150,90,van Tilburg,NED,19,18,1,0,2022
151,90,Garrett,AUS,19,17,1,1,2022
152,90,Vucicevic,SRB,19,13,2,4,2022
153,91,Seganov,BUL,18,9,8,1,2022
154,92,Vadi,IRI,17,8,6,3,2022
155,92,Tuaniga,USA,17,11,3,3,2022
156,92,Parkinson,NED,17,13,2,2,2022
157,92,Derouillon,FRA,17,15,0,2,2022
158,93,Mitchem,USA,16,12,2,2,2022
159,93,Bruno,BRA,16,5,3,8,2022
160,94,Cooper,CAN,15,14,0,1,2022
161,95,Ropret,SLO,14,4,5,5,2022
162,95,Walsh,CAN,14,5,5,4,2022
163,95,Henry,FRA,14,10,4,0,2022
164,95,Mosca,ITA,14,9,5,0,2022
165,96,Schulz,GER,13,10,3,0,2022
166,96,Szymura R.,POL,13,13,0,0,2022
167,96,Vitelli,ITA,13,8,2,3,2022
168,97,Zhang B.L.,CHN,12,11,0,1,2022
169,97,Marinovic,SRB,12,11,1,0,2022
170,97,Barnes,CAN,12,12,0,0,2022
171,97,Lipinski,POL,12,11,0,1,2022
172,97,Cortesia,ITA,12,10,2,0,2022
173,98,Kazemi,IRI,11,7,0,4,2022
174,98,Bošnjak,SLO,11,9,2,0,2022
175,98,Jovović,SRB,11,7,3,1,2022
176,98,Van Der Ent,NED,11,3,5,3,2022
177,99,S.Ivanov,BUL,10,8,1,1,2022
178,99,Krsmanović,SRB,10,9,1,0,2022
179,99,De Cecco,ARG,10,2,3,5,2022
180,100,Zimmermann,GER,9,4,1,4,2022
181,100,Peter,GER,9,7,0,2,2022
182,100,Giraudo,ARG,9,4,2,3,2022
183,101,Kessel,USA,8,8,0,0,2022
184,101,Sekita,JPN,8,4,1,3,2022
185,101,Sanchez Pages,ARG,8,5,2,1,2022
186,101,Janusz,POL,8,1,4,3,2022
187,101,Petric,SRB,8,7,1,0,2022
188,102,Tille,GER,7,1,3,3,2022
189,102,Vaccari,BRA,7,7,0,0,2022
190,102,Amir Reza,IRI,7,5,2,0,2022
191,103,Mehrab,IRI,6,5,0,1,2022
192,103,Klobucar,SLO,6,5,1,0,2022
193,103,Firlej,POL,6,3,2,1,2022
194,103,Corre,FRA,6,1,1,4,2022
195,103,Vinčić,SLO,6,3,1,2,2022
196,104,Reza,IRI,5,2,2,1,2022
197,104,Videčnik,SLO,5,3,1,1,2022
198,104,Wilson,CAN,5,4,1,0,2022
199,104,Butler,AUS,5,2,0,3,2022
200,104,Saadat,IRI,5,4,0,1,2022
201,105,Shaw,USA,4,2,2,0,2022
202,105,D. Dimitrov,BUL,4,2,0,2,2022
203,105,Blankenau,CAN,4,2,0,2,2022
204,105,Tomita,JPN,4,4,0,0,2022
205,105,Eiro,JPN,4,3,1,0,2022
206,105,Flowerday,AUS,4,4,0,0,2022
207,105,Urbanowicz,POL,4,3,0,1,2022
208,105,Oya,JPN,4,3,1,0,2022
209,106,Esi,IRI,3,2,1,0,2022
210,106,Nikolic,SRB,3,2,1,0,2022
211,106,Franco,BRA,3,3,0,0,2022
212,106,Epp,CAN,3,2,1,0,2022
213,107,Liu M.,CHN,2,1,0,1,2022
214,107,Wang H.B.,CHN,2,1,1,0,2022
215,107,A. Ramezani,IRI,2,1,0,1,2022
216,107,Fernando,BRA,2,1,0,1,2022
217,107,Leandro,BRA,2,1,1,0,2022
218,107,Kozub,POL,2,1,1,0,2022
219,107,Tillie,FRA,2,2,0,0,2022
220,107,Štalekar,SLO,2,1,1,0,2022
221,107,Röhrs,GER,2,0,0,2,2022
222,107,Vulikic,SRB,2,1,1,0,2022
223,108,Yuan D.Y.,CHN,1,1,0,0,2022
224,108,Miao R.T.,CHN,1,1,0,0,2022
225,108,Todorović,SRB,1,1,0,0,2022
226,108,Ferch,GER,1,1,0,0,2022
227,108,Van Solkema,NED,1,0,1,0,2022
228,108,Sbertoli,ITA,1,0,1,0,2022
229,108,Toniutti,FRA,1,0,1,0,2022
230,108,Dervisaj,GER,1,1,0,0,2022
231,108,Daneshdoust,IRI,1,1,0,0,2022
232,109,Yang Y.M.,CHN,0,0,0,0,2022
233,109,Yang T.Y.,CHN,0,0,0,0,2022
234,109,Hazrat,IRI,0,0,0,0,2022
235,109,M.R.Moazzen,IRI,0,0,0,0,2022
236,109,Planinšič,SLO,0,0,0,0,2022
237,109,Košenina,SLO,0,0,0,0,2022
238,109,Kovačič,SLO,0,0,0,0,2022
239,109,Pasteur,USA,0,0,0,0,2022
240,109,Dagostino,USA,0,0,0,0,2022
241,109,Gasman,USA,0,0,0,0,2022
242,109,Briggs,USA,0,0,0,0,2022
243,109,Valchinov,BUL,0,0,0,0,2022
244,109,M. Ivanov,BUL,0,0,0,0,2022
245,109,Pekovic,SRB,0,0,0,0,2022
246,109,Koprivica,SRB,0,0,0,0,2022
247,109,Rudić,SRB,0,0,0,0,2022
248,109,Elser,CAN,0,0,0,0,2022
249,109,Lui,CAN,0,0,0,0,2022
250,109,Zenger,GER,0,0,0,0,2022
251,109,Goralik,GER,0,0,0,0,2022
252,109,Ogawa,JPN,0,0,0,0,2022
253,109,Yamamoto,JPN,0,0,0,0,2022
254,109,Ottevanger,NED,0,0,0,0,2022
255,109,Andringa,NED,0,0,0,0,2022
256,109,Maique,BRA,0,0,0,0,2022
257,109,Thales,BRA,0,0,0,0,2022
258,109,Victor,BRA,0,0,0,0,2022
259,109,Holland,AUS,0,0,0,0,2022
260,109,Perry,AUS,0,0,0,0,2022
261,109,McAinsh,AUS,0,0,0,0,2022
262,109,Popiwczak,POL,0,0,0,0,2022
263,109,Szymura,POL,0,0,0,0,2022
264,109,Danani,ARG,0,0,0,0,2022
265,109,Massimino,ARG,0,0,0,0,2022
266,109,Mouiel,FRA,0,0,0,0,2022
267,109,Diez,FRA,0,0,0,0,2022
268,109,Gueye,FRA,0,0,0,0,2022
269,109,Falaschi,ITA,0,0,0,0,2022
270,109,Gardini,ITA,0,0,0,0,2022
271,109,Gironi,ITA,0,0,0,0,2022
272,109,Piccinelli,ITA,0,0,0,0,2022
273,109,Scanferla,ITA,0,0,0,0,2022
274,109,V. Ivanov,BUL,0,0,0,0,2022
275,109,Petkov,BUL,0,0,0,0,2022
276,109,Graven,GER,0,0,0,0,2022
277,109,Ricci,ITA,0,0,0,0,2022
278,109,Cavuto,ITA,0,0,0,0,2022
279,109,Balaso,ITA,0,0,0,0,2022
280,109,Łomacz,POL,0,0,0,0,2022
281,109,Zatorski,POL,0,0,0,0,2022
282,109,E. Shoji,USA,0,0,0,0,2022
283,109,Gholipour,IRI,0,0,0,0,2022
284,109,Fazel,IRI,0,0,0,0,2022
285,109,Leonardo,BRA,0,0,0,0,2022
286,109,Honorato,BRA,0,0,0,0,2022
287,109,Phillips,AUS,0,0,0,0,2022
288,109,Bleeker,NED,0,0,0,0,2022
289,109,De Weijer,NED,0,0,0,0,2022
290,109,Grebennikov,FRA,0,0,0,0,2022
0,1,Ishikawa,JPN,275,237,17,21,2023
1,2,Romanò,ITA,223,185,16,22,2023
2,3,Nimir,NED,217,184,8,25,2023
3,4,Herrera,CUB,212,180,11,21,2023
4,5,Zhang J.Y.,CHN,201,162,22,17,2023
5,6,Ran,JPN,198,173,10,15,2023
6,7,Luburić,SRB,192,172,7,13,2023
7,8,Urnaut,SLO,186,164,4,18,2023
8,9,Lucarelli,BRA,185,154,12,19,2023
9,10,Palonsky,ARG,183,151,13,19,2023
10,11,Alan,BRA,177,162,8,7,2023
11,12,Čebulj,SLO,172,145,18,9,2023
12,12,Defalco,USA,172,143,13,16,2023
13,13,Lopez,CUB,171,148,7,16,2023
14,14,Loser Bruno,ARG,168,103,53,12,2023
15,15,Možič,SLO,164,140,14,10,2023
16,16,Anderson,USA,161,136,8,17,2023
17,17,Kujundžić,SRB,151,124,11,16,2023
18,18,Michieletto,ITA,145,115,17,13,2023
19,19,Weber,GER,143,125,9,9,2023
20,20,Maar,CAN,140,117,15,8,2023
21,21,Leon,POL,137,109,14,14,2023
22,22,Miyaura,JPN,136,116,5,15,2023
23,23,Nishida,JPN,134,119,3,12,2023
24,23,Lavia,ITA,134,108,20,6,2023
25,24,Lima B.,ARG,133,119,7,7,2023
26,24,Vicentin,ARG,133,112,15,6,2023
27,25,Sclater,CAN,132,114,11,7,2023
28,26,Van Garderen,NED,128,103,15,10,2023
29,27,A. Nikolov,BUL,126,114,5,7,2023
30,28,Atanasov,BUL,121,100,13,8,2023
31,28,Reichert,GER,121,104,8,9,2023
32,29,Amin,IRI,118,96,8,14,2023
33,30,Brehme,GER,117,93,13,11,2023
34,31,Russell,USA,107,84,10,13,2023
35,32,Jiang C.,CHN,104,94,6,4,2023
36,33,Onodera,JPN,100,78,18,4,2023
37,33,Yant,CUB,100,85,11,4,2023
38,33,Krsmanović,SRB,100,64,29,7,2023
39,34,Concepcion,CUB,99,67,29,3,2023
40,35,Hoag,CAN,98,84,4,10,2023
41,35,Jaeschke,USA,98,80,11,7,2023
42,36,Honorato,BRA,97,77,15,5,2023
43,37,Szwarc,CAN,96,80,7,9,2023
44,37,Russo,ITA,96,59,24,13,2023
45,37,Clevenot,FRA,96,86,7,3,2023
46,38,Nedeljković,SRB,94,61,29,4,2023
47,39,Yu Y.T.,CHN,92,83,4,5,2023
48,39,Morteza,IRI,92,84,4,4,2023
49,39,Tillie,FRA,92,86,4,2,2023
50,40,Seyed,IRI,91,53,35,3,2023
51,41,Kukartsev,ARG,90,81,6,3,2023
52,42,Kozamernik,SLO,89,55,24,10,2023
53,42,Plak,NED,89,57,25,7,2023
54,42,Chinenyeze,FRA,89,70,15,4,2023
55,43,Pajenk,SLO,87,66,18,3,2023
56,44,Kaczmarek,POL,86,74,10,2,2023
57,45,Patry,FRA,84,68,10,6,2023
58,45,Śliwka,POL,84,74,6,4,2023
59,46,Tuinstra,NED,83,69,3,11,2023
60,47,Dimitrov,BUL,82,69,8,5,2023
61,47,Kurek,POL,82,76,4,2,2023
62,48,Demyanenko,CAN,80,57,16,7,2023
63,48,Flavio,BRA,80,56,22,2,2023
64,49,Asparuhov,BUL,79,71,6,2,2023
65,49,Grozdanov,BUL,79,53,23,3,2023
66,49,Faure,FRA,79,61,12,6,2023
67,49,Carle,FRA,79,68,4,7,2023
68,50,Kochanowski,POL,78,45,20,13,2023
69,51,Bieniek,POL,77,56,9,12,2023
70,52,Galassi,ITA,76,46,22,8,2023
71,53,Yamauchi,JPN,74,58,12,4,2023
72,53,Perić,SRB,74,62,8,4,2023
73,53,Holt,USA,74,53,12,9,2023
74,54,Bultor,FRA,73,59,10,4,2023
75,55,Mohammad,IRI,72,46,21,5,2023
76,56,Li Y.Z.,CHN,71,49,18,4,2023
77,57,Smith,USA,69,41,22,6,2023
78,58,Hajipour,IRI,68,52,12,4,2023
79,58,Otávio,BRA,68,47,13,8,2023
80,58,Ivović,SRB,68,58,5,5,2023
81,59,Peng S.K.,CHN,65,46,15,4,2023
82,59,Esfandiar,IRI,65,48,9,8,2023
83,59,Huber,POL,65,39,17,9,2023
84,60,Szalpuk,POL,64,54,6,4,2023
85,61,Poriya,IRI,63,55,4,4,2023
86,62,Boyer,FRA,62,57,3,2,2023
87,63,Masso,CUB,59,47,9,3,2023
88,63,Semeniuk,POL,59,46,8,5,2023
89,64,Zhai D.J.,CHN,58,50,3,5,2023
90,65,Wiltenburg,NED,57,34,20,3,2023
91,66,Averill,USA,56,43,7,6,2023
92,67,Kolev,BUL,54,41,9,4,2023
93,68,Rinaldi,ITA,53,47,3,3,2023
94,68,Krick,GER,53,40,13,0,2023
95,69,Zerba,ARG,52,40,9,3,2023
96,69,Ter Maat,NED,52,46,4,2,2023
97,70,Judson,BRA,51,45,6,0,2023
98,71,Z. Štern,SLO,49,44,4,1,2023
99,71,Giannelli,ITA,49,27,14,8,2023
100,72,Bednorz,POL,48,40,5,3,2023
101,73,Böhme,GER,47,41,6,0,2023
102,74,Lucas,BRA,46,32,9,5,2023
103,75,Kłos,POL,45,27,16,2,2023
104,75,Röhrs,GER,45,40,3,2,2023
105,76,Karyagin,BUL,42,36,5,1,2023
106,76,Jorna,NED,42,34,7,1,2023
107,76,Louati,FRA,42,33,5,4,2023
108,77,Bottolo,ITA,41,37,2,2,2023
109,78,Eshenko,CAN,39,31,6,2,2023
110,78,Van Berkel,CAN,39,30,9,0,2023
111,78,Butryn,POL,39,32,1,6,2023
112,78,Roque,BRA,39,32,6,1,2023
113,79,Mergarejo,CUB,38,34,2,2,2023
114,80,Jendryk,USA,36,30,4,2,2023
115,80,Hanes,USA,36,27,3,6,2023
116,80,Saadat,IRI,36,33,3,0,2023
117,81,Abouba,BRA,35,33,1,1,2023
118,82,Adriano,BRA,34,30,3,1,2023
119,83,Dulski,POL,33,26,3,4,2023
120,83,Krage,GER,33,23,8,2,2023
121,83,Brand,GER,33,30,3,0,2023
122,84,Wang D.C.,CHN,32,21,8,3,2023
123,84,Jouffroy,FRA,32,20,5,7,2023
124,84,Muagututia,USA,32,28,2,2,2023
125,84,Fornal,POL,32,30,2,0,2023
126,85,Otsuka,JPN,31,31,0,0,2023
127,86,Wang B.,CHN,29,25,0,4,2023
128,86,Schott,GER,29,21,4,4,2023
129,86,Le Goff,FRA,29,20,8,1,2023
130,86,Fromm,GER,29,28,0,1,2023
131,87,Martinez Franchi,ARG,28,25,2,1,2023
132,88,Cooper,CAN,27,21,2,4,2023
133,89,Ramos,ARG,26,18,8,0,2023
134,90,Kentaro,JPN,25,19,6,0,2023
135,90,Christenson,USA,25,6,15,4,2023
136,91,Gotsev,BUL,24,15,9,0,2023
137,91,Mosca,ITA,24,17,7,0,2023
138,92,Keemink,NED,23,12,8,3,2023
139,93,Sanguinetti,ITA,21,12,4,5,2023
140,93,Pedroso,CUB,21,10,11,0,2023
141,93,Vucicevic,SRB,21,18,3,0,2023
142,93,Brizard,FRA,21,8,6,7,2023
143,94,Javad,IRI,20,13,5,2,2023
144,94,Gallego,ARG,20,14,6,0,2023
145,94,Taboada,CUB,20,6,14,0,2023
146,94,Anzani,ITA,20,13,6,1,2023
147,95,Hofer,CAN,19,18,0,1,2023
148,95,M. Elser,CAN,19,17,2,0,2023
149,96,Shahrooz,IRI,18,16,1,1,2023
150,96,Parkinson,NED,18,5,12,1,2023
151,97,Petkov,BUL,17,12,2,3,2023
152,97,J.Manavi,IRI,17,17,0,0,2023
153,97,Todorović,SRB,17,6,8,3,2023
154,97,Tille,GER,17,1,7,9,2023
155,98,Wang H.B.,CHN,16,5,8,3,2023
156,98,De Cecco,ARG,16,7,5,4,2023
157,98,Bołądź,POL,16,15,1,0,2023
158,99,N. Penchev,BUL,15,13,2,0,2023
159,99,Szymanski,POL,15,13,0,2,2023
160,99,Bruno,BRA,15,5,6,4,2023
161,100,Armoa Morel,ARG,14,10,1,3,2023
162,101,Jelveh,IRI,13,12,1,0,2023
163,101,Herr,CAN,13,2,8,3,2023
164,101,Ropret,SLO,13,6,6,1,2023
165,101,Kessel,USA,13,11,2,0,2023
166,101,Kaliberda,GER,13,10,1,2,2023
167,101,Ter Horst,NED,13,11,1,1,2023
168,102,Gutierrez,CUB,11,9,2,0,2023
169,102,Urbanowicz,POL,11,7,3,1,2023
170,103,Porro P.,ITA,10,8,2,0,2023
171,103,Ma'a,USA,10,5,4,1,2023
172,104,Tomita,JPN,9,9,0,0,2023
173,104,Recine,ITA,9,5,0,4,2023
174,104,Maase,GER,9,6,3,0,2023
175,104,Adamczyk,POL,9,5,4,0,2023
176,105,Seganov,BUL,8,2,5,1,2023
177,105,Sekita,JPN,8,2,1,5,2023
178,105,Katic,SRB,8,7,1,0,2023
179,106,Zhang G.H.,CHN,7,6,0,1,2023
180,106,Arthur,BRA,7,5,2,0,2023
181,106,V. Bratoev,BUL,7,5,1,1,2023
182,107,Kök,SLO,6,6,0,0,2023
183,107,Łomacz,POL,6,2,3,1,2023
184,107,Ensing,USA,6,5,1,0,2023
185,108,Cortesia,ITA,5,5,0,0,2023
186,108,Thondike,CUB,5,1,3,1,2023
187,108,Štalekar,SLO,5,5,0,0,2023
188,108,Corre,FRA,5,3,1,1,2023
189,108,Kampa,GER,5,2,1,2,2023
190,109,Planinšič,SLO,4,0,4,0,2023
191,109,Korenblek,NED,4,2,2,0,2023
192,109,Meijs,NED,4,0,3,1,2023
193,109,Mašulović N.,SRB,4,3,0,1,2023
194,109,Toniutti,FRA,4,3,1,0,2023
195,109,Nishiyama,JPN,4,3,0,1,2023
196,110,Vadi,IRI,3,2,1,0,2023
197,110,Gironi,ITA,3,3,0,0,2023
198,110,Firlej,POL,3,2,1,0,2023
199,110,Walsh,CAN,3,0,1,2,2023
200,110,S.Ivanov,BUL,3,2,1,0,2023
201,110,Janusz,POL,3,0,1,2,2023
202,111,Guo C.,CHN,2,0,2,0,2023
203,111,J. Gutierrez,CUB,2,0,1,1,2023
204,111,Sawicki,POL,2,2,0,0,2023
205,111,Larry,JPN,2,2,0,0,2023
206,111,Leal,BRA,2,2,0,0,2023
207,112,G. Bratoev,BUL,1,0,1,0,2023
208,112,Sanchez Pages,ARG,1,0,0,1,2023
209,112,Zelayeta,ARG,1,1,0,0,2023
210,112,Schnitzer,CAN,1,1,0,0,2023
211,112,Mašulović V.,SRB,1,0,1,0,2023
212,112,Batak,SRB,1,0,1,0,2023
213,112,Pothron,FRA,1,1,0,0,2023
214,112,Henno,FRA,1,1,0,0,2023
215,112,Fernando,BRA,1,1,0,0,2023
216,112,Tuaniga,USA,1,1,0,0,2023
217,112,Mujanović,SLO,1,1,0,0,2023
218,112,Chen L.Y.,CHN,1,0,0,1,2023
219,112,Sbertoli,ITA,1,0,1,0,2023
220,112,Caneschi,ITA,1,0,0,1,2023
221,112,Magalini,ITA,1,0,1,0,2023
222,112,Eiro,JPN,1,0,1,0,2023
223,112,Kovačević,SRB,1,1,0,0,2023
224,112,A. Ramezani,IRI,1,1,0,0,2023
225,112,A. Afshinfar,IRI,1,1,0,0,2023
226,112,K. Russell,USA,1,0,0,1,2023
227,113,Bozhilov,BUL,0,0,0,0,2023
228,113,Dobrev,BUL,0,0,0,0,2023
229,113,Liu M.,CHN,0,0,0,0,2023
230,113,Chen J.J.,CHN,0,0,0,0,2023
231,113,Qu Z.S.,CHN,0,0,0,0,2023
232,113,Fukatsu,JPN,0,0,0,0,2023
233,113,Ogawa,JPN,0,0,0,0,2023
234,113,Yamamoto,JPN,0,0,0,0,2023
235,113,Kai,JPN,0,0,0,0,2023
236,113,Hazrat,IRI,0,0,0,0,2023
237,113,Arman,IRI,0,0,0,0,2023
238,113,Falaschi,ITA,0,0,0,0,2023
239,113,Balaso,ITA,0,0,0,0,2023
240,113,Gardini,ITA,0,0,0,0,2023
241,113,Vitelli,ITA,0,0,0,0,2023
242,113,Federici,ITA,0,0,0,0,2023
243,113,Danani,ARG,0,0,0,0,2023
244,113,Blankenau,CAN,0,0,0,0,2023
245,113,Lui,CAN,0,0,0,0,2023
246,113,Currie,CAN,0,0,0,0,2023
247,113,Roman Garcia,CUB,0,0,0,0,2023
248,113,Goide,CUB,0,0,0,0,2023
249,113,Gorguet,CUB,0,0,0,0,2023
250,113,Toman,SLO,0,0,0,0,2023
251,113,Bračko,SLO,0,0,0,0,2023
252,113,Koncilja,SLO,0,0,0,0,2023
253,113,Kovačič,SLO,0,0,0,0,2023
254,113,Kapur,SRB,0,0,0,0,2023
255,113,Gajović,SRB,0,0,0,0,2023
256,113,Krsteski,SRB,0,0,0,0,2023
257,113,Petrović,SRB,0,0,0,0,2023
258,113,Szymura,POL,0,0,0,0,2023
259,113,Hawryluk,POL,0,0,0,0,2023
260,113,Poręba,POL,0,0,0,0,2023
261,113,Motta Paes,FRA,0,0,0,0,2023
262,113,Henry,FRA,0,0,0,0,2023
263,113,Diez,FRA,0,0,0,0,2023
264,113,Basic,FRA,0,0,0,0,2023
265,113,Loubeyre,FRA,0,0,0,0,2023
266,113,Roehrig,FRA,0,0,0,0,2023
267,113,E. Shoji,USA,0,0,0,0,2023
268,113,Van Der Ent,NED,0,0,0,0,2023
269,113,Andringa,NED,0,0,0,0,2023
270,113,Bak,NED,0,0,0,0,2023
271,113,Wijkstra,NED,0,0,0,0,2023
272,113,Lipke,NED,0,0,0,0,2023
273,113,Maique,BRA,0,0,0,0,2023
274,113,Thales,BRA,0,0,0,0,2023
275,113,Thiery,BRA,0,0,0,0,2023
276,113,Graven,GER,0,0,0,0,2023
277,113,Salehi,IRI,0,0,0,0,2023
278,113,Zimmermann,GER,0,0,0,0,2023
279,113,Günthör,GER,0,0,0,0,2023
280,113,Dagostino,USA,0,0,0,0,2023
281,113,Giraudo,ARG,0,0,0,0,2023
282,113,Yang Y.M.,CHN,0,0,0,0,2023
283,113,Salparov,BUL,0,0,0,0,2023
284,113,Raev,BUL,0,0,0,0,2023
285,113,Scanferla,ITA,0,0,0,0,2023
286,113,Zatorski,POL,0,0,0,0,2023
287,113,Grebennikov,FRA,0,0,0,0,2023
288,113,Huetz,FRA,0,0,0,0,2023
289,113,Vaccari,BRA,0,0,0,0,2023
290,113,Piccinelli,ITA,0,0,0,0,2023
291,113,Sala,ITA,0,0,0,0,2023
292,113,Rao S.H.,CHN,0,0,0,0,2023
293,113,Podraščanin,SRB,0,0,0,0,2023
294,113,M.R.Moazzen,IRI,0,0,0,0,2023
295,113,Popiwczak,POL,0,0,0,0,2023
296,113,Daneshdoust,IRI,0,0,0,0,2023
0,1,T. Štern,SLO,320,265,24,31,2024
1,2,Nimir,NED,284,235,9,40,2024
2,3,Maar,CAN,225,194,17,14,2024
3,4,Čebulj,SLO,218,179,21,18,2024
4,5,Yant,CUB,196,167,15,14,2024
5,6,Patry,FRA,195,164,17,14,2024
6,6,Amin,IRI,195,167,18,10,2024
7,7,Lima B.,ARG,185,154,21,10,2024
8,7,Nishida,JPN,185,156,10,19,2024
9,8,Loeppky,CAN,180,157,11,12,2024
10,9,Lopez,CUB,178,154,17,7,2024
11,9,Ishikawa,JPN,178,155,13,10,2024
12,10,Van Garderen,NED,170,146,15,9,2024
13,10,Luburić,SRB,170,139,7,24,2024
14,11,Mandıracı,TUR,167,133,20,14,2024
15,12,Darlan,BRA,164,141,13,10,2024
16,13,Clevenot,FRA,161,142,11,8,2024
17,14,Szwarc,CAN,153,129,14,10,2024
18,15,Urnaut,SLO,152,133,6,13,2024
19,16,Louati,FRA,150,124,15,11,2024
20,17,Palonsky,ARG,139,121,10,8,2024
21,18,Lucarelli,BRA,137,114,10,13,2024
22,19,Concepcion,CUB,127,96,24,7,2024
23,20,Leal,BRA,125,109,8,8,2024
24,21,Michieletto,ITA,123,94,15,14,2024
25,22,Brand,GER,122,107,5,10,2024
26,23,Conte,ARG,121,101,11,9,2024
27,24,Faure,FRA,120,109,4,7,2024
28,25,Loser Bruno,ARG,116,75,34,7,2024
29,26,Gürbüz,TUR,114,93,11,10,2024
30,27,Karlitzek,GER,113,98,7,8,2024
31,28,Kozamernik,SLO,112,73,26,13,2024
32,29,Milad,IRI,111,92,13,6,2024
33,29,Defalco,USA,111,96,7,8,2024
34,30,A. Lagumdzija,TUR,108,94,9,5,2024
35,31,Alan,BRA,107,81,19,7,2024
36,32,Tatarov,BUL,105,88,9,8,2024
37,33,Romanò,ITA,104,86,10,8,2024
38,34,Pajenk,SLO,103,77,16,10,2024
39,35,Miyaura,JPN,101,87,2,12,2024
40,36,Sánchez B.,CUB,98,93,2,3,2024
41,37,Le Goff,FRA,95,59,34,2,2024
42,38,Grozdanov,BUL,93,58,29,6,2024
43,38,Ivović,SRB,93,85,4,4,2024
44,39,Asparuhov,BUL,92,74,9,9,2024
45,39,Zerba,ARG,92,62,30,0,2024
46,39,Simón,CUB,92,58,22,12,2024
47,40,Dimitrov,BUL,91,83,4,4,2024
48,40,Flavio,BRA,91,57,33,1,2024
49,41,McCarthy,CAN,89,56,25,8,2024
50,41,Maase,GER,89,63,18,8,2024
51,42,Parkinson,NED,86,66,19,1,2024
52,42,Kochanowski,POL,86,52,21,13,2024
53,43,Reichert,GER,84,78,3,3,2024
54,43,Kujundžić,SRB,84,69,6,9,2024
55,43,Kurek,POL,84,74,6,4,2024
56,43,Anderson,USA,84,70,7,7,2024
57,44,Poriya,IRI,83,74,5,4,2024
58,45,Onodera,JPN,82,57,19,6,2024
59,45,Fornal,POL,82,59,15,8,2024
60,46,Leon,POL,80,63,7,10,2024
61,47,Otsuka,JPN,79,70,2,7,2024
62,47,Lucas,BRA,79,59,11,9,2024
63,47,Lavia,ITA,79,69,5,5,2024
64,48,Petkov,BUL,77,58,10,9,2024
65,49,Seddik,FRA,76,49,20,7,2024
66,49,Bołądź,POL,76,63,1,12,2024
67,49,Salehi,IRI,76,65,7,4,2024
68,50,Bednorz,POL,74,61,10,3,2024
69,51,Morteza,IRI,73,59,7,7,2024
70,52,Tillie,FRA,71,61,7,3,2024
71,53,Bovolenta,ITA,70,65,3,2,2024
72,54,Bedirhan,TUR,69,45,16,8,2024
73,54,Śliwka,POL,69,59,6,4,2024
74,54,Semeniuk,POL,69,60,4,5,2024
75,55,Mohammad,IRI,68,45,17,6,2024
76,55,Perić,SRB,68,54,5,9,2024
77,56,Porro L.,ITA,67,61,2,4,2024
78,57,Bayram,TUR,66,52,4,10,2024
79,57,Atanasijević,SRB,66,59,1,6,2024
80,57,Nedeljković,SRB,66,48,13,5,2024
81,58,Yamauchi,JPN,65,48,13,4,2024
82,58,Kai,JPN,65,56,1,8,2024
83,59,Van Berkel,CAN,64,46,18,0,2024
84,60,Vicentin,ARG,62,45,9,8,2024
85,61,Ewert,USA,61,52,4,5,2024
86,61,Kovačević,SRB,61,53,5,3,2024
87,62,Huber,POL,60,46,9,5,2024
88,63,Hanes,USA,59,52,4,3,2024
89,63,Galassi,ITA,59,38,19,2,2024
90,63,Russo,ITA,59,37,18,4,2024
91,63,Ran,JPN,59,53,3,3,2024
92,63,Bottolo,ITA,59,52,2,5,2024
93,64,M. Lagumdzija,TUR,57,44,9,4,2024
94,65,S. Nikolov,BUL,55,26,16,13,2024
95,65,Plak,NED,55,28,20,7,2024
96,66,Podraščanin,SRB,54,26,26,2,2024
97,67,Moslehabadi,IRI,52,30,15,7,2024
98,68,Grozer,GER,50,43,3,4,2024
99,68,Holt,USA,50,35,13,2,2024
100,69,Karyagin,BUL,48,42,6,0,2024
101,69,Masso,CUB,48,40,6,2,2024
102,70,Adriano,BRA,47,45,0,2,2024
103,71,Kentaro,JPN,46,33,11,2,2024
104,72,Krick,GER,43,34,8,1,2024
105,72,Jaeschke,USA,43,38,1,4,2024
106,73,Matić,TUR,42,29,12,1,2024
107,73,Kukartsev,ARG,42,37,4,1,2024
108,73,Bieniek,POL,42,31,7,4,2024
109,74,Krage,GER,41,33,7,1,2024
110,75,Wassenaar Ketrzynski,CAN,40,35,2,3,2024
111,75,Giannelli,ITA,40,21,12,7,2024
112,75,Averill,USA,40,31,9,0,2024
113,76,Mosca,ITA,39,25,11,3,2024
114,77,Ter Horst,NED,38,30,4,4,2024
115,77,Krsmanović,SRB,38,34,4,0,2024
116,78,John,GER,37,34,1,2,2024
117,79,Thondike,CUB,36,12,21,3,2024
118,80,Tomita,JPN,35,27,3,5,2024
119,80,Kaczmarek,POL,35,25,8,2,2024
120,81,Güneş,TUR,33,20,12,1,2024
121,81,Mergarejo,CUB,33,23,5,5,2024
122,81,Jelveh,IRI,33,23,7,3,2024
123,81,Antov,BUL,33,31,0,2,2024
124,82,Ter Maat,NED,32,25,3,4,2024
125,83,Poręba,POL,31,21,10,0,2024
126,83,Fromm,GER,31,25,2,4,2024
127,84,Eshenko,CAN,30,21,7,2,2024
128,84,Isac,BRA,30,23,3,4,2024
129,84,Ropret,SLO,30,6,6,18,2024
130,84,Böhme,GER,30,25,4,1,2024
131,84,L. Bergmann,BRA,30,25,2,3,2024
132,84,Jendryk,USA,30,21,8,1,2024
133,84,Jorna,NED,30,23,5,2,2024
134,85,Knigge,USA,29,20,3,6,2024
135,85,Sanguinetti,ITA,29,23,4,2,2024
136,85,Schott,GER,29,24,1,4,2024
137,85,Russell,USA,29,25,3,1,2024
138,86,Carle,FRA,28,26,2,0,2024
139,87,Ramos,ARG,27,23,2,2,2024
140,87,Mašulović N.,SRB,27,18,7,2,2024
141,87,Ensing,USA,27,21,4,2,2024
142,88,Ngapeth,FRA,26,18,5,3,2024
143,88,Brizard,FRA,26,9,7,10,2024
144,88,Bultor,FRA,26,19,4,3,2024
145,88,Demyanenko,CAN,26,18,7,1,2024
146,88,Jouffroy,FRA,26,14,7,5,2024
147,88,Brehme,GER,26,24,2,0,2024
148,89,Mauricio,BRA,25,19,3,3,2024
149,89,Gasman,USA,25,17,5,3,2024
150,90,De Cecco,ARG,24,11,9,4,2024
151,91,Muagututia,USA,23,18,1,4,2024
152,92,Keemink,NED,22,5,10,7,2024
153,92,Judson,BRA,22,13,7,2,2024
154,93,Koops,NED,21,10,3,8,2024
155,93,Štalekar,SLO,21,14,5,2,2024
156,93,Kessel,USA,21,17,4,0,2024
157,94,Palacios,ARG,20,15,1,4,2024
158,94,Garcia,USA,20,16,2,2,2024
159,94,Szalpuk,POL,20,18,1,1,2024
160,94,Kłos,POL,20,13,6,1,2024
161,95,Herr,CAN,19,1,10,8,2024
162,95,Gironi,ITA,19,18,0,1,2024
163,96,Larry,JPN,18,15,3,0,2024
164,96,Wiltenburg,NED,18,6,7,5,2024
165,96,Butryn,POL,18,16,2,0,2024
166,96,Anzani,ITA,18,16,1,1,2024
167,97,Chinenyeze,FRA,17,13,2,2,2024
168,97,Hoag,CAN,17,12,0,5,2024
169,97,Martinez Franchi,ARG,17,17,0,0,2024
170,97,Vadi,IRI,17,8,8,1,2024
171,98,Jovović,SRB,16,6,8,2,2024
172,98,Janusz,POL,16,1,14,1,2024
173,99,Recine,ITA,15,12,1,2,2024
174,99,Christenson,USA,15,8,6,1,2024
175,100,Savaş,TUR,14,8,6,0,2024
176,100,Yenipazar,TUR,14,6,3,5,2024
177,100,Champlin,USA,14,11,0,3,2024
178,100,Smith,USA,14,9,5,0,2024
179,101,Bračko,SLO,12,11,0,1,2024
180,101,Barbast,IRI,12,12,0,0,2024
181,101,Ahyi,NED,12,12,0,0,2024
182,102,Valchinov,BUL,11,10,1,0,2024
183,102,Subaşı,TUR,11,8,1,2,2024
184,103,Adamczyk,POL,9,4,2,3,2024
185,103,Kampa,GER,9,3,1,5,2024
186,104,Toniutti,FRA,8,0,3,5,2024
187,104,Ekşi,TUR,8,4,3,1,2024
188,104,Sekita,JPN,8,1,3,4,2024
189,104,Van Der Ent,NED,8,5,2,1,2024
190,104,Aydin,TUR,8,6,1,1,2024
191,105,Kolev,BUL,7,6,0,1,2024
192,105,Fernando,BRA,7,1,4,2,2024
193,105,Jakubiszak,POL,7,4,2,1,2024
194,105,Nasri,IRI,7,5,1,1,2024
195,105,Tille,GER,7,2,0,5,2024
196,105,Možič,SLO,7,7,0,0,2024
197,106,Garkov,BUL,6,6,0,0,2024
198,106,Alonso,CUB,6,3,3,0,2024
199,106,Kaliberda,GER,6,6,0,0,2024
200,106,Hofer,CAN,6,0,0,6,2024
201,107,Nachev,BUL,5,5,0,0,2024
202,107,Isaacson,USA,5,2,2,1,2024
203,107,Marshman,USA,5,4,0,1,2024
204,107,Sbertoli,ITA,5,1,1,3,2024
205,108,Fukatsu,JPN,4,1,2,1,2024
206,108,Komenda,POL,4,0,4,0,2024
207,108,Zimmermann,GER,4,1,2,1,2024
208,108,Todorović,SRB,4,0,4,0,2024
209,109,Mujanović,SLO,3,1,2,0,2024
210,109,Łomacz,POL,3,2,0,1,2024
211,109,Peter,GER,3,2,0,1,2024
212,109,Petrov,BUL,3,2,0,1,2024
213,109,Caneschi,ITA,3,3,0,0,2024
214,110,Gallego,ARG,2,1,1,0,2024
215,110,Wetter,USA,2,1,1,0,2024
216,110,Firlej,POL,2,1,1,0,2024
217,110,Stankov,BUL,2,2,0,0,2024
218,110,Esfandiar,IRI,2,2,0,0,2024
219,110,Ma'a,USA,2,0,1,1,2024
220,111,Walsh,CAN,1,0,1,0,2024
221,111,Barnes,CAN,1,1,0,0,2024
222,111,Sanchez Pages,ARG,1,0,1,0,2024
223,111,Takanashi,JPN,1,1,0,0,2024
224,111,Camino,CUB,1,1,0,0,2024
225,111,Charles,CUB,1,0,0,1,2024
226,111,Bruno,BRA,1,0,1,0,2024
227,111,Z. Štern,SLO,1,1,0,0,2024
228,111,Tuaniga,USA,1,1,0,0,2024
229,111,Wildman,USA,1,1,0,0,2024
230,111,Bostan,TUR,1,0,1,0,2024
231,111,Meijs,NED,1,0,0,1,2024
232,111,Arshia,IRI,1,1,0,0,2024
233,112,Bozhilov,BUL,0,0,0,0,2024
234,112,D. Kolev,BUL,0,0,0,0,2024
235,112,Telkiyski,BUL,0,0,0,0,2024
236,112,Grebennikov,FRA,0,0,0,0,2024
237,112,Diez,FRA,0,0,0,0,2024
238,112,Döne,TUR,0,0,0,0,2024
239,112,Hatipoğlu,TUR,0,0,0,0,2024
240,112,Lui,CAN,0,0,0,0,2024
241,112,Currie,CAN,0,0,0,0,2024
242,112,Danani,ARG,0,0,0,0,2024
243,112,Ogawa,JPN,0,0,0,0,2024
244,112,Yamamoto,JPN,0,0,0,0,2024
245,112,Roman Garcia,CUB,0,0,0,0,2024
246,112,Taboada,CUB,0,0,0,0,2024
247,112,Gorguet,CUB,0,0,0,0,2024
248,112,Honorato,BRA,0,0,0,0,2024
249,112,Thales,BRA,0,0,0,0,2024
250,112,Arthur,BRA,0,0,0,0,2024
251,112,Klok,NED,0,0,0,0,2024
252,112,Andringa,NED,0,0,0,0,2024
253,112,De Weijer,NED,0,0,0,0,2024
254,112,Bak,NED,0,0,0,0,2024
255,112,Toman,SLO,0,0,0,0,2024
256,112,Vinčić,SLO,0,0,0,0,2024
257,112,Kovačič,SLO,0,0,0,0,2024
258,112,Kržič,SLO,0,0,0,0,2024
259,112,Dagostino,USA,0,0,0,0,2024
260,112,Briggs,USA,0,0,0,0,2024
261,112,Hawryluk,POL,0,0,0,0,2024
262,112,Szymura,POL,0,0,0,0,2024
263,112,Graven,GER,0,0,0,0,2024
264,112,Kunstmann,GER,0,0,0,0,2024
265,112,Goralik,GER,0,0,0,0,2024
266,112,Burggräf,GER,0,0,0,0,2024
267,112,Balaso,ITA,0,0,0,0,2024
268,112,Laurenzano,ITA,0,0,0,0,2024
269,112,Hazrat,IRI,0,0,0,0,2024
270,112,Javad,IRI,0,0,0,0,2024
271,112,Arman,IRI,0,0,0,0,2024
272,112,Kapur,SRB,0,0,0,0,2024
273,112,Ristić,SRB,0,0,0,0,2024
274,112,Marovt,SLO,0,0,0,0,2024
275,112,Popiwczak,POL,0,0,0,0,2024
276,112,Kartev,BUL,0,0,0,0,2024
277,112,E. Shoji,USA,0,0,0,0,2024
278,112,Matheus G.,BRA,0,0,0,0,2024
279,112,Sadati,IRI,0,0,0,0,2024
280,112,Oya,JPN,0,0,0,0,2024
281,112,Dobrev,BUL,0,0,0,0,2024
282,112,Bardarov,BUL,0,0,0,0,2024
283,112,Planinšič,SLO,0,0,0,0,2024
284,112,Zenger,GER,0,0,0,0,2024
285,112,Porro P.,ITA,0,0,0,0,2024
286,112,Cortesia,ITA,0,0,0,0,2024
287,112,Rinaldi,ITA,0,0,0,0,2024
288,112,Gaggini,ITA,0,0,0,0,2024
289,112,Zatorski,POL,0,0,0,0,2024
290,112,Falaschi,ITA,0,0,0,0,2024
291,112,Gardini,ITA,0,0,0,0,2024
292,112,Aslan,TUR,0,0,0,0,2024
293,112,Schnitzer,CAN,0,0,0,0,2024
